Mon Nov 05 05:19:20 +0000 2012,Tearing these coconut macaroons up!
Sun Nov 04 02:38:19 +0000 2012,@ProsperousPoppa well thanks Poppa I think I just miss my wild hair
Sun Nov 04 02:30:37 +0000 2012,@ProsperousPoppa ew I look basic as hell lol
Sun Nov 04 02:23:17 +0000 2012,@SinestroBud Yessssss! Ok thanks.  :-) lol
Sun Nov 04 02:20:02 +0000 2012,@SinestroBud no bs?? Lol
Sun Nov 04 02:18:27 +0000 2012,I haven't looked this Plain Jane in a while..... That's that shii I don't like http://t.co/32QOI5Jz
Sun Oct 28 06:42:16 +0000 2012,Naugty-cal http://t.co/ZNms0Mf4
Sun Oct 21 17:09:57 +0000 2012,Zombie Models. I had fun working with Nikkia and Snow http://t.co/U9AeAFys
Sun Oct 21 06:45:17 +0000 2012,@NaShA_FiErCe lol just a trim....
Sun Oct 21 04:58:18 +0000 2012,Finally got my hair cut today Yessssss
Wed Oct 17 19:56:07 +0000 2012,Just wrapped up a shoot YSL Spring 2013 inspired. ,FactorModel ,BryanWhitely photography ,Professional http://t.co/dYDsQ1lE
Mon Oct 15 19:21:47 +0000 2012,Spent yesterday at Franklin Cider Mill with the fam yesterday.  http://t.co/Oj6T9TMv
Sun Oct 14 16:34:55 +0000 2012,My fave head wrap but I don't Currrrrr http://t.co/sWURjYdd
Sat Oct 13 21:09:43 +0000 2012,Sisters and twins. Can't believe my 10 year old lil sis is almost as tall me http://t.co/wcOVDl4x
Fri Oct 12 17:13:58 +0000 2012,Me and mama in our matching denim shirts http://t.co/2JnuFpHO
Thu Oct 11 19:38:29 +0000 2012,Jus linked up and we already at it @asap_auri  http://t.co/VoQock3k
Thu Oct 11 12:46:08 +0000 2012,In route to Detroit.  http://t.co/MTkfv4nE
Wed Oct 10 05:36:14 +0000 2012,One more day til I'm home.... Oh how I miss the D (detroit) of course
Sun Oct 07 00:14:13 +0000 2012,@vixenswardrobe I miss you Jess :-)
Fri Oct 05 14:32:38 +0000 2012,Let me "fro" you how its done. http://t.co/8CqPymNQ
Fri Oct 05 05:25:12 +0000 2012,Lady in Red. http://t.co/Dkx1MZI8
Thu Oct 04 23:23:46 +0000 2012,@SinestroBud lol hey :-)
Thu Oct 04 23:02:15 +0000 2012,Ash. First Class. Or Ashley. Don't matter to me http://t.co/0yaXLf7h
Wed Oct 03 15:00:24 +0000 2012,This new Miguel Album is Amaziiiiiing
Tue Oct 02 02:21:29 +0000 2012,RT @iLoveTiaira I feel like @FirstClassAsh should just move to LA with me!!!!! LOL &lt;&gt; New York maybe?
Mon Oct 01 01:48:17 +0000 2012,RT @iLoveTiaira .... I still need to go to the Chi so @FirstClassAsh and I can work on the website &lt;&gt; indeed getcha ass here Tiaira!
Fri Sep 28 04:12:41 +0000 2012,@DwightAnthonyII thanks :-)
Fri Sep 28 03:19:47 +0000 2012,@DAKIDYUNGV smh
Fri Sep 28 03:11:19 +0000 2012,Detroit in 2 weeks ayyyyye
Wed Sep 26 16:18:34 +0000 2012,Homemade chocolate rolls by yours truly. BOMB. http://t.co/ae6fEGju
Mon Sep 24 23:31:38 +0000 2012,@SinestroBud Awwww you're always so nice to meeeee :-) thank you
Mon Sep 24 23:24:47 +0000 2012,Easy. http://t.co/bmUz5ugF
Sat Sep 22 03:04:38 +0000 2012,Dude called me Foxy Cleopatra today. He Lowkey was tryna be funny tho...  http://t.co/ofoyRlNR
Fri Sep 21 14:58:02 +0000 2012,Damn I miss Detroit..... Time to come home
Fri Sep 21 04:46:04 +0000 2012,Big Sean Detroit....
Thu Sep 20 22:51:21 +0000 2012,@bfb_that_pyt lol jus took a Twitter break Fayefaye
Sun Sep 16 20:21:29 +0000 2012,Frank Ocean- Pyramids video with all those trannys tho &lt;
Sun Sep 16 16:28:41 +0000 2012,Bongo Room for brunch. Yes.
Sun Sep 16 05:14:29 +0000 2012,Happy Birthday Gigi http://t.co/bTAt9hbi
Sat Sep 15 19:40:13 +0000 2012,Thrift find. Christian Dior chemise blouse. http://t.co/AtisUV5f
Sat Sep 15 00:53:10 +0000 2012,Manicure :-) .
Fri Sep 14 03:20:52 +0000 2012,@SinestroBud Trying to be as Incognito as possible
Fri Sep 14 03:14:10 +0000 2012,@SinestroBud :-) you've been Ghoooost
Fri Sep 14 03:09:04 +0000 2012,Hate that we're so distant. Do you even miss me at all??
Fri Sep 14 01:10:17 +0000 2012,@zenojones Strangerrrrrr
Fri Sep 14 01:09:45 +0000 2012,How are you expected to stay close to someone you barely see or talk to??
Fri Sep 14 00:58:24 +0000 2012,Lie to protect feelings. Tell the truth to reveal them.
Fri Sep 14 00:55:50 +0000 2012,RT @vixenswardrobe 15 hr work day. Tired. &lt;&gt; Grindin
Sun Sep 09 23:51:02 +0000 2012,Strawberry Amazing
Sun Sep 09 22:14:52 +0000 2012,It ain't even worth it....
Sun Sep 09 16:48:56 +0000 2012,Cosmo Cupcake. Sweets are my weakness. http://t.co/r9Em64I1
Sun Sep 09 02:57:22 +0000 2012,I need to get out and meet more ppl in Chi..... Seems like everyone I knew jus kinda disappeared out my life
Sat Sep 08 19:37:33 +0000 2012,Train waiting... Gets me Every single time. http://t.co/MLxtR32h
Sat Sep 08 06:54:59 +0000 2012,Solo breakfast mission in the a.m .... Yolk or Bongo Room??
Sat Sep 08 04:42:16 +0000 2012," @_PumpsAndJays I LOVE LOVE LOVE being alone, listening to my music &amp; thinking! Best thing ever. "
Sat Sep 08 04:38:35 +0000 2012,I miss him tho....
Fri Sep 07 21:14:31 +0000 2012,The bad news just keeps coming today... My Factor shoot just got cancelled for Sunday
Fri Sep 07 08:17:49 +0000 2012,@DeliiFresh  @iFollowLesbians You know it!
Fri Sep 07 01:56:45 +0000 2012,Got some hair vitamins today my hair bout to be super thick and super long
Thu Sep 06 15:53:00 +0000 2012,Late breakfast. Jus made my own honey butter concoction. Fat shii. http://t.co/yupV0Gvj
Thu Sep 06 02:35:11 +0000 2012," Anybody ever had this conversation before, "OK if we get caught, here's the story..."
Thu Sep 06 02:24:58 +0000 2012,@HearWhatEye_Ced Greatness comes from Detroit lol
Wed Sep 05 22:24:38 +0000 2012,@NaShA_FiErCe I'm so late lol but Happy Birthday!! When are we going out?!
Wed Sep 05 13:16:48 +0000 2012,Nose stopped up :-(
Wed Sep 05 01:53:48 +0000 2012,Feel like I've been eating waaaaay too much lately def gotta slow that az down
Tue Sep 04 22:41:49 +0000 2012,Minor setbacks.
Tue Sep 04 22:41:35 +0000 2012,Missed out on a shoot in Naperville for tomorrow.... Times like this I need a car in Chi
Tue Sep 04 05:10:00 +0000 2012,Shower then I'm out.
Tue Sep 04 04:38:30 +0000 2012,@NaShA_FiErCe smh
Tue Sep 04 03:38:07 +0000 2012,Soooo I get off the train and this nigg jus gone throw gang signs up at me?? Super confused
Mon Sep 03 23:37:54 +0000 2012,Guess u can say I'm ready for fall lol  http://t.co/hO4HqxQI
Mon Sep 03 22:05:07 +0000 2012,Certain holidays jus don't feel the same now that I live in Chicago..... I miss being able to jus kick it with my fam
Mon Sep 03 20:10:59 +0000 2012,Been doing more thinking than my mind can handle
Mon Sep 03 16:38:28 +0000 2012,Work.
Mon Sep 03 06:54:09 +0000 2012,Thinkin about so much lately
Mon Sep 03 03:39:27 +0000 2012,Folding clothes
Sun Sep 02 23:34:47 +0000 2012,DAZED. http://t.co/9i13aGKA
Sun Sep 02 21:19:03 +0000 2012,Booked another shoot for September 9th ..... BANK.
Sun Sep 02 03:42:40 +0000 2012,Seen the movie The Notebook for the first time lastnight and I fell in Love
Sun Sep 02 01:32:45 +0000 2012,My new "Fro -tivation" .... She's killin  http://t.co/8yeM5uPx
Sat Sep 01 15:57:13 +0000 2012,Happy Birthdaaay @RayvenNicole
Sat Sep 01 01:33:46 +0000 2012,Feelin like the most hated person in Chicago right now :-(
Fri Aug 31 23:45:19 +0000 2012,Lowkey single tho....
Thu Aug 30 23:25:26 +0000 2012,At this Outdoor Fashion show/ event downtown Chi http://t.co/nSmg1lQQ
Wed Aug 29 21:49:52 +0000 2012,Sushi it is
Wed Aug 29 18:32:51 +0000 2012,If I had a dollar for every time someone said "I like your hair" I'd be rich lol
Wed Aug 29 02:44:42 +0000 2012,Got a manni today :-)
Tue Aug 28 21:59:01 +0000 2012,Starving :-(
Tue Aug 28 13:12:09 +0000 2012,Up n out for work.
Tue Aug 28 04:39:38 +0000 2012,@jdcollinsfilms hey Jeremy
Tue Aug 28 01:33:15 +0000 2012,Bye baby...
Mon Aug 27 22:44:24 +0000 2012,These last couple of weeks have been a movie
Mon Aug 27 19:47:12 +0000 2012,RT @TheNotezofEli @FirstClassAsh of course we love the natural beauties &lt;&gt; Yesss
Mon Aug 27 19:44:28 +0000 2012,Niggs love my hair tho....
Sun Aug 26 21:41:47 +0000 2012,Loving his look  http://t.co/Rcby6tZt
Sun Aug 26 18:41:44 +0000 2012,RT @djmobeatz Detroit One Coney Island.....on deck!! &lt;&gt; Niiiiyce
Sun Aug 26 18:15:43 +0000 2012,I decided to jazz that shii up today http://t.co/fWcS18jA
Sun Aug 26 06:17:28 +0000 2012,Miguel - Arch n Point
Sun Aug 26 05:28:29 +0000 2012,Nas - Bye baby .... This album got me ZONED
Sun Aug 26 03:25:24 +0000 2012,Going to the Factor Model open call with a friend in the morning
Sun Aug 26 02:29:58 +0000 2012,@jdcollinsfilms here u go being mean again
Sun Aug 26 02:25:07 +0000 2012,RT @bfb_that_pyt @FirstClassAsh I miss my girlfriend!! &lt;&gt; I miss you too FayeFaye!!
Sun Aug 26 02:17:09 +0000 2012,@DoubleEntendr3 I wonder why :-(
Sun Aug 26 02:11:28 +0000 2012,@ProsperousPoppa thanks Poppa!
Sun Aug 26 02:05:52 +0000 2012,Downtown Saturday night. Solo Chillin. http://t.co/WVuCcpcV
Sun Aug 26 01:37:47 +0000 2012,@jdcollinsfilms I was Omw home, I jus got off work
Sun Aug 26 01:28:25 +0000 2012,@jdcollinsfilms Omg don't scare me u can't be doing ish like that by yourself out here
Sun Aug 26 01:24:35 +0000 2012,@jdcollinsfilms hey Jeremy
Sun Aug 26 01:21:13 +0000 2012,At this talent showcase at the Chicago theater
Fri Aug 24 15:49:13 +0000 2012,Lastnight seems like a horrible nightmare.... Unreal
Fri Aug 24 15:31:36 +0000 2012,Work.
Fri Aug 24 05:27:20 +0000 2012,I swear that shii hurts ...
Fri Aug 24 04:22:50 +0000 2012,Just sang Happy Birthday and ate cake n icecream by the river with @jdcollinsfilms  http://t.co/k5FgGOtO
Thu Aug 23 22:46:09 +0000 2012,@jdcollinsfilms HAPPY BIRTHDAAAY!!!
Thu Aug 23 22:44:56 +0000 2012,I have a weakness for small little cute dogs
Wed Aug 22 15:29:09 +0000 2012,How's that new Trey album??
Tue Aug 21 22:29:41 +0000 2012,I guess this is a better look. Destination Coordination. http://t.co/jMMG75gW
Tue Aug 21 22:21:49 +0000 2012,At MAC tryin on new shii dark lip will def be my thang for the fall http://t.co/QCbQyUUR
Mon Aug 20 21:59:46 +0000 2012,Got an email from Factor to book another shoot for tomorrow but I'm def not prepared
Mon Aug 20 21:58:46 +0000 2012,Mind been in a whole notha place lately...
Sat Aug 18 23:45:00 +0000 2012,Hands down best gloss Everrrrrrr next to my Bobbi Brown "Pink Sequin"  http://t.co/6JbiBAru
Sat Aug 18 17:12:11 +0000 2012,Ha. http://t.co/sEOsqEN1
Fri Aug 17 15:49:55 +0000 2012,@NaShA_FiErCe yea lol
Fri Aug 17 15:42:02 +0000 2012,@NaShA_FiErCe in wicker park??!
Wed Aug 15 20:25:16 +0000 2012,@jdcollinsfilms Awww thanks babe!!!
Wed Aug 15 20:09:44 +0000 2012,Had fun styling my shoot today ,LateSummerEase ,FactorModel ,Stylist ,DennisLeePhotography   http://t.co/5frh3ei5
Wed Aug 15 17:41:24 +0000 2012,@Within_Beauty_ yes! It'll be fun times
Wed Aug 15 17:33:49 +0000 2012,Just wrapped up the shoot on the beach.... I love my job!
Wed Aug 15 12:38:43 +0000 2012,@Dj313Rd good morning E
Wed Aug 15 12:37:26 +0000 2012,Hearing someone say they're Proud of you feels 100x better than "I'm happy for you"
Wed Aug 15 12:29:03 +0000 2012,@__Miss__October thanks Shia!!
Wed Aug 15 12:23:39 +0000 2012,Omw to my photoshoot!!
Tue Aug 14 22:25:09 +0000 2012,Being silly at work with my own Kim K. doll ....Love her lol  http://t.co/gG8VfxTm
Tue Aug 14 21:02:53 +0000 2012,@SinestroBud Awww thanks :-)
Tue Aug 14 20:56:05 +0000 2012,Somebody that U nerd to know. http://t.co/X8f1BDp3
Mon Aug 13 01:42:38 +0000 2012,Remember this?? @erighadah @dannyd225  http://t.co/uVJRbLJk
Sun Aug 12 21:30:31 +0000 2012,Phone been acting crazy maybe I've dropped it way too many times
Sun Aug 12 18:44:12 +0000 2012,Work.
Sat Aug 11 21:37:27 +0000 2012,Helping set up for the Grand Opening party of the salon http://t.co/ZLEFkwKj
Sat Aug 11 06:57:35 +0000 2012,@HeartBreakV well I don't kno why  :-(
Sat Aug 11 06:52:28 +0000 2012,@HeartBreakV I couldn't text back for some odd reason .... Blocked??
Sat Aug 11 06:50:17 +0000 2012,"Some people make your life better by walking in and some make it better by walking out"
Sat Aug 11 06:49:05 +0000 2012,@HeartBreakV lol Yessssss
Sat Aug 11 06:47:50 +0000 2012,@HeartBreakV lol nothing I jus seen u on my TL
Sat Aug 11 06:46:26 +0000 2012,I keep it Real'a than most. I know You Feelin it!
Sat Aug 11 06:32:21 +0000 2012,Beyonce - Speechless ... This will forever be my ish!
Sat Aug 11 05:18:29 +0000 2012,@koryplease lol what's so funny Kory :-/
Sat Aug 11 05:16:28 +0000 2012,You can't help who you like .....
Sat Aug 11 00:00:29 +0000 2012,At the salon
Fri Aug 10 23:49:31 +0000 2012,@jdcollinsfilms lol I only know one Jeremy silly butt
Fri Aug 10 22:46:10 +0000 2012,Chocolate chip pancakes been on my mind all day lol
Fri Aug 10 22:20:13 +0000 2012,Phone back in action
Thu Aug 09 19:24:10 +0000 2012,This humidity and my hair. FAIL.
Thu Aug 09 19:14:57 +0000 2012,Hate seeing old ladies trying to "keep up" wit younger girls ugh
Thu Aug 09 19:12:27 +0000 2012,@bchilds_10 no I'm in Chi :-(
Thu Aug 09 16:54:07 +0000 2012,Work.
Thu Aug 09 02:03:25 +0000 2012,At the new Target
Wed Aug 08 04:51:04 +0000 2012,Mind Saturated.
Wed Aug 08 04:21:38 +0000 2012,My insecurity will be the death of me ......
Wed Aug 08 03:57:51 +0000 2012,I wanna get away
Tue Aug 07 21:44:41 +0000 2012,Make em say...... http://t.co/NlivXhAd
Tue Aug 07 21:31:00 +0000 2012,Yesterday.....
Mon Aug 06 17:32:45 +0000 2012,Jus booked a shoot with Factor for next week. Got this.
Mon Aug 06 00:30:58 +0000 2012,@iLoveTiaira ha! Nah I'm straight on that for a while
Sun Aug 05 22:47:31 +0000 2012,Cracked my phone screen :-(
Sun Aug 05 18:28:15 +0000 2012,The right stripe. http://t.co/tsIUBhbn
Sat Aug 04 23:20:16 +0000 2012,@ChelceaDelesa I can show you around
Sat Aug 04 22:55:39 +0000 2012,Sooooo this dude jus comes up to me and says "you're Beautiful..... No matter what the rest of em do I still love my blk women" lol ok
Sat Aug 04 18:50:13 +0000 2012,Center part fro. http://t.co/e4J2Jzib
Sat Aug 04 17:19:14 +0000 2012,Awww man I forgot my neighborhood block party was today lol
Sat Aug 04 07:12:24 +0000 2012,Jeremy' s probably mad at me
Sat Aug 04 04:00:20 +0000 2012,At the Lacuna Lofts
Sat Aug 04 03:01:36 +0000 2012,Soulful Moaning - Dale
Sat Aug 04 01:22:03 +0000 2012,Might hav a plug at the Bentley Dealership lol - but moreso serious ha!
Fri Aug 03 16:38:43 +0000 2012,High buns and side braid I'm so over it
Fri Aug 03 13:47:38 +0000 2012,Early morning moves.
Fri Aug 03 03:53:25 +0000 2012,RT @jdcollinsfilms @FirstClassAsh mind yo business lil booty lol &lt;&gt; lol ;-)
Fri Aug 03 03:48:25 +0000 2012,@jdcollinsfilms like what??
Thu Aug 02 20:00:53 +0000 2012,May hav lost a friend :-(
Thu Aug 02 00:17:34 +0000 2012,@AholeByNatureGb thanks GB
Thu Aug 02 00:12:08 +0000 2012,I don't feel well :-(
Wed Aug 01 03:24:06 +0000 2012,Jus left this comedy show from up North. Shii was wack.
Wed Aug 01 01:16:09 +0000 2012,@thatzHIMofficer been on.
Wed Aug 01 01:13:43 +0000 2012,This Nas album tho &gt;
Tue Jul 31 23:56:06 +0000 2012,I need to find him. http://t.co/PJ8rWBrx
Tue Jul 31 13:39:25 +0000 2012,Working.  Somebody bring me breakfast or lunch plzzzzz
Tue Jul 31 01:55:48 +0000 2012,It's some crazy ppl out here I swear
Tue Jul 31 01:46:17 +0000 2012,@Within_Beauty_ I'm trying
Tue Jul 31 01:40:59 +0000 2012,@AholeByNatureGb no he pulled his thang out and was staring at me and stroking himself.... IN PUBLIC
Tue Jul 31 01:37:31 +0000 2012,That dude was sick and perverted
Tue Jul 31 01:37:08 +0000 2012,The craziest thing jus happened to me on the train and I'm so fckn creeped out right now ugh!
Mon Jul 30 20:07:04 +0000 2012,I caught the wind perfectly lol  http://t.co/OqEVmawz
Mon Jul 30 19:48:54 +0000 2012,Key lime Cheesecake from Cheesecake Factory Yessssss
Mon Jul 30 18:16:19 +0000 2012,I might've got a lil too happy with the dye this time. SHRUUUUUUGS http://t.co/ggPzHy6a
Mon Jul 30 18:10:05 +0000 2012,Jim Jones - honey dip
Mon Jul 30 16:02:54 +0000 2012,RT @iLoveTiaira: Starting a business is really hard.. But me and @FirstClassAsh are ready to take the world by storm. ,VintageBreak...Co ...
Mon Jul 30 15:55:19 +0000 2012,RT @_shawniefresh i pray god keeps me humble, as i encounter the blessings he gives me..
Mon Jul 30 06:24:46 +0000 2012," @BriMarie_11 Sometimes it’s better to be alone. Nobody can hurt you. "
Mon Jul 30 06:22:33 +0000 2012,Reading.
Mon Jul 30 02:46:48 +0000 2012,@mr12play313 thanks!
